model,condition,category,accuracy_overall,accuracy_ambig,accuracy_disamb,sDIS,sAMB,n_biased_dis,n_non_unk_dis,n_biased_amb,n_non_unk_amb,n_valid,n_total,coverage
qwen2b,c1,all,0.546331122204746,0.3097517609245709,0.782910483484921,0.014316262549382008,0.07915612391438145,13993,27591,11251,20187,58492,58492,1.0
qwen2b,c1,Age,0.5230978260869565,0.27880434782608693,0.7673913043478261,0.050866405813303484,0.20380434782608697,940,1789,851,1327,3680,3680,1.0
qwen2b,c1,Disability_status,0.4890745501285347,0.32005141388174807,0.6580976863753213,0.17109144542772858,0.16580976863753222,397,678,329,529,1556,1556,1.0
qwen2b,c1,Gender_identity,0.568935119887165,0.3385049365303244,0.7993653032440057,0.044742729306487705,0.10930888575458386,1401,2682,1093,1876,5672,5672,1.0
qwen2b,c1,Nationality,0.5766233766233766,0.4253246753246753,0.727922077922078,0.0281786941580755,0.02012987012987011,748,1455,458,885,3080,3080,1.0
qwen2b,c1,Physical_appearance,0.45558375634517767,0.2296954314720812,0.6814720812182741,0.15775401069518713,0.40736040609137064,433,748,464,607,1576,1576,1.0
qwen2b,c1,Race_ethnicity,0.5906976744186047,0.36947674418604654,0.8119186046511628,-0.0015600624024960652,0.07703488372093024,1600,3205,1217,2169,6880,6880,1.0
qwen2b,c1,Race_x_SES,0.4932795698924731,0.2600358422939068,0.7265232974910394,-0.004636785162287493,0.026702508960573395,2576,5176,2139,4129,11160,11160,1.0
qwen2b,c1,Race_x_gender,0.5400375939849624,0.237468671679198,0.8426065162907268,-0.002179207793872595,0.04874686716791985,3892,7801,3237,6085,15960,15960,1.0
qwen2b,c1,Religion,0.58,0.43833333333333335,0.7216666666666667,0.04800000000000004,0.014999999999999956,262,500,173,337,1200,1200,1.0
qwen2b,c1,SES,0.6086829836829837,0.42395104895104896,0.7934149184149184,-0.020912547528517123,0.10168997668997666,1545,3156,1163,1977,6864,6864,1.0
qwen2b,c1,Sexual_orientation,0.5636574074074074,0.38425925925925924,0.7430555555555556,-0.007481296758104716,-0.027777777777777773,199,401,127,266,864,864,1.0
qwen2b,c2,all,0.5238836080147713,0.2552485810025303,0.7925186350270123,0.015354741270811711,0.07580523832318949,14118,27809,11999,21781,58492,58492,1.0
qwen2b,c2,Age,0.5059782608695652,0.24728260869565216,0.7646739130434783,0.05586592178770955,0.24619565217391307,945,1790,919,1385,3680,3680,1.0
qwen2b,c2,Disability_status,0.4717223650385604,0.29562982005141386,0.6478149100257069,0.14032496307237818,0.16966580976863757,386,677,340,548,1556,1556,1.0
qwen2b,c2,Gender_identity,0.5442524682651622,0.27397743300423133,0.814527503526093,0.05813528336380247,0.1364598025387871,1447,2735,1223,2059,5672,5672,1.0
qwen2b,c2,Nationality,0.5613636363636364,0.36753246753246754,0.7551948051948052,0.0195023537323471,0.02727272727272722,758,1487,508,974,3080,3080,1.0
qwen2b,c2,Physical_appearance,0.44225888324873097,0.19416243654822335,0.6903553299492385,0.16799999999999993,0.4175126903553299,438,750,482,635,1576,1576,1.0
qwen2b,c2,Race_ethnicity,0.5524709302325581,0.28343023255813954,0.8215116279069767,-0.002776920703486563,0.06308139534883714,1616,3241,1341,2465,6880,6880,1.0
qwen2b,c2,Race_x_SES,0.4793010752688172,0.22688172043010751,0.7317204301075269,-0.004825323296660855,0.027598566308243783,2578,5181,2234,4314,11160,11160,1.0
qwen2b,c2,Race_x_gender,0.5146616541353384,0.17543859649122806,0.8538847117794486,-0.0021703051193667777,0.030827067669172866,3908,7833,3413,6580,15960,15960,1.0
qwen2b,c2,Religion,0.5566666666666666,0.39,0.7233333333333334,0.05138339920948609,-0.016666666666666684,266,506,178,366,1200,1200,1.0
qwen2b,c2,SES,0.5890151515151515,0.3723776223776224,0.8056526806526807,-0.01686445971267958,0.07983682983682978,1574,3202,1214,2154,6864,6864,1.0
qwen2b,c2,Sexual_orientation,0.53125,0.30324074074074076,0.7592592592592593,-0.0073710073710073765,-0.016203703703703734,202,407,147,301,864,864,1.0
qwen2b,c3,all,0.4981296650635224,0.16907429753490777,0.8271736882024409,0.026982945076764908,0.08401999655231857,14482,28203,13269,24101,58011,58492,0.991776653217534
qwen2b,c3,Age,0.4570178180681463,0.11194496560350219,0.801875,0.06997455470737912,0.2263914946841777,841,1572,891,1420,3199,3680,0.8692934782608696
qwen2b,c3,Disability_status,0.4685089974293059,0.2365038560411311,0.7005141388174807,0.1783166904422253,0.16709511568123395,413,701,362,594,1556,1556,1.0
qwen2b,c3,Gender_identity,0.5095204513399154,0.1755994358251058,0.843441466854725,0.10332499106185189,0.1523272214386459,1543,2797,1385,2338,5672,5672,1.0
qwen2b,c3,Nationality,0.5366883116883117,0.2831168831168831,0.7902597402597402,0.018036072144288484,0.041558441558441586,762,1497,584,1104,3080,3080,1.0
qwen2b,c3,Physical_appearance,0.4086294416243655,0.0901015228426396,0.7271573604060914,0.22756827048114436,0.5596446700507615,472,769,579,717,1576,1576,1.0
qwen2b,c3,Race_ethnicity,0.5050872093023255,0.16627906976744186,0.8438953488372093,0.015602001766264362,0.06279069767441868,1725,3397,1542,2868,6880,6880,1.0
qwen2b,c3,Race_x_SES,0.47482078853046594,0.16810035842293908,0.7815412186379929,-0.008179570097013533,0.055197132616487475,2607,5257,2475,4642,11160,11160,1.0
qwen2b,c3,Race_x_gender,0.48778195488721804,0.10426065162907268,0.8713032581453634,-0.00226472068444894,0.015037593984962317,3965,7948,3634,7148,15960,15960,1.0
qwen2b,c3,Religion,0.5325,0.30333333333333334,0.7616666666666667,0.07490636704119846,0.06666666666666671,287,534,229,418,1200,1200,1.0
qwen2b,c3,SES,0.566579254079254,0.2686480186480186,0.8645104895104895,-0.0015101177891875261,0.09265734265734264,1653,3311,1414,2510,6864,6864,1.0
qwen2b,c3,Sexual_orientation,0.5,0.20833333333333334,0.7916666666666666,0.01904761904761898,0.013888888888888931,214,420,174,342,864,864,1.0
qwen7b,c1,all,0.804400601791698,0.6675784722697121,0.941222731313684,-0.0031721415480050474,0.09799630718730767,14141,28372,6294,9722,58492,58492,1.0
qwen7b,c1,Age,0.7336956521739131,0.5141304347826087,0.9532608695652174,0.03135498320268759,0.37282608695652175,921,1786,790,894,3680,3680,1.0
qwen7b,c1,Disability_status,0.782133676092545,0.6555269922879178,0.9087403598971723,0.056451612903225756,0.1362467866323907,393,744,187,268,1556,1556,1.0
qwen7b,c1,Gender_identity,0.8346262341325811,0.7133286318758815,0.9559238363892807,-0.012463343108504388,0.12729196050775743,1347,2728,587,813,5672,5672,1.0
qwen7b,c1,Nationality,0.7740259740259741,0.6519480519480519,0.8961038961038961,-0.029192124915139117,-0.03376623376623375,715,1473,242,536,3080,3080,1.0
qwen7b,c1,Physical_appearance,0.7081218274111675,0.6230964467005076,0.7931472081218274,0.051175656984785656,0.3591370558375635,380,723,290,297,1576,1576,1.0
qwen7b,c1,Race_ethnicity,0.8420058139534884,0.6947674418604651,0.9892441860465117,0.0011627906976743319,0.023255813953488358,1722,3440,565,1050,6880,6880,1.0
qwen7b,c1,Race_x_SES,0.8669354838709677,0.7944444444444444,0.939426523297491,-0.0013101253977166882,0.05,2668,5343,713,1147,11160,11160,1.0
qwen7b,c1,Race_x_gender,0.7498120300751879,0.569423558897243,0.9302005012531328,-0.026156423141347807,0.08120300751879699,3779,7761,2042,3436,15960,15960,1.0
qwen7b,c1,Religion,0.7958333333333333,0.6983333333333334,0.8933333333333333,0.05574912891986061,0.11833333333333332,303,574,126,181,1200,1200,1.0
qwen7b,c1,SES,0.8382867132867133,0.7048368298368298,0.9717365967365967,0.007088009450679333,0.11217948717948721,1705,3386,699,1013,6864,6864,1.0
qwen7b,c1,Sexual_orientation,0.875,0.7986111111111112,0.9513888888888888,0.004830917874396157,0.04398148148148148,208,414,53,87,864,864,1.0
qwen7b,c2,all,0.698129658756753,0.4427272105587089,0.9535321069547973,0.0,0.10989537030705056,14398,28796,9756,16298,58492,58492,1.0
qwen7b,c2,Age,0.623641304347826,0.296195652173913,0.9510869565217391,0.03340757238307357,0.49945652173913047,928,1796,1107,1295,3680,3680,1.0
qwen7b,c2,Disability_status,0.6619537275064268,0.41259640102827766,0.9113110539845758,0.06524633821571246,0.26349614395886894,400,751,331,457,1556,1556,1.0
qwen7b,c2,Gender_identity,0.7681593794076164,0.5497179125528914,0.9866008462623413,-0.002135231316725994,0.2020451339915374,1402,2810,925,1277,5672,5672,1.0
qwen7b,c2,Nationality,0.686038961038961,0.4435064935064935,0.9285714285714286,-0.011889035667106973,-0.055194805194805206,748,1514,386,857,3080,3080,1.0
qwen7b,c2,Physical_appearance,0.5869289340101523,0.3477157360406091,0.8261421319796954,0.05151915455746359,0.5710659898477157,398,757,482,514,1576,1576,1.0
qwen7b,c2,Race_ethnicity,0.7361918604651163,0.4947674418604651,0.9776162790697674,-0.011480718280836077,0.05523255813953486,1679,3397,964,1738,6880,6880,1.0
qwen7b,c2,Race_x_SES,0.7647849462365591,0.5727598566308244,0.956810035842294,-0.0047882136279926435,0.017921146953405003,2702,5430,1242,2384,11160,11160,1.0
qwen7b,c2,Race_x_gender,0.624624060150376,0.31090225563909774,0.9383458646616541,-0.012304960040593671,0.04223057644110281,3893,7883,2918,5499,15960,15960,1.0
qwen7b,c2,Religion,0.7133333333333334,0.49333333333333335,0.9333333333333333,0.058430717863105164,0.16999999999999998,317,599,203,304,1200,1200,1.0
qwen7b,c2,SES,0.7319347319347319,0.4807692307692308,0.9831002331002331,0.0,0.11363636363636362,1714,3428,1086,1782,6864,6864,1.0
qwen7b,c2,Sexual_orientation,0.7708333333333334,0.5578703703703703,0.9837962962962963,0.006960556844547661,0.07638888888888885,217,431,112,191,864,864,1.0
qwen7b,c3,all,0.6563410387685095,0.36872952939148423,0.943942632558781,0.006656390134529122,0.11315290467160836,14367,28544,10796,18310,58011,58492,0.991776653217534
qwen7b,c3,Age,0.6564551422319475,0.32895559724828016,0.98375,0.01314965560425807,0.46716697936210133,809,1597,910,1073,3199,3680,0.8692934782608696
qwen7b,c3,Disability_status,0.6298200514138818,0.39460154241645246,0.8650385604113111,0.07883817427385886,0.27120822622107965,390,723,341,471,1556,1556,1.0
qwen7b,c3,Gender_identity,0.6466854724964739,0.3353314527503526,0.9580394922425952,0.047957371225577194,0.18370944992947816,1475,2815,1203,1885,5672,5672,1.0
qwen7b,c3,Nationality,0.6217532467532467,0.33311688311688314,0.9103896103896104,0.0020066889632106566,-0.05649350649350647,749,1495,470,1027,3080,3080,1.0
qwen7b,c3,Physical_appearance,0.565989847715736,0.3096446700507614,0.8223350253807107,0.0649006622516557,0.5837563451776651,402,755,502,544,1576,1576,1.0
qwen7b,c3,Race_ethnicity,0.6773255813953488,0.38226744186046513,0.9723837209302325,0.0032116788321168155,0.0706395348837209,1718,3425,1184,2125,6880,6880,1.0
qwen7b,c3,Race_x_SES,0.7060035842293907,0.4863799283154122,0.9256272401433692,-0.014758079581543071,0.048387096774193505,2637,5353,1568,2866,11160,11160,1.0
qwen7b,c3,Race_x_gender,0.6091478696741854,0.275062656641604,0.9432330827067669,-0.0046593628006548204,0.035714285714285754,3952,7941,3035,5785,15960,15960,1.0
qwen7b,c3,Religion,0.6625,0.4166666666666667,0.9083333333333333,0.03703703703703698,0.14333333333333334,308,594,218,350,1200,1200,1.0
qwen7b,c3,SES,0.7009032634032634,0.42103729603729606,0.9807692307692307,0.00029265437518288806,0.14947552447552448,1709,3417,1250,1987,6864,6864,1.0
qwen7b,c3,Sexual_orientation,0.7557870370370371,0.5439814814814815,0.9675925925925926,0.01631701631701632,0.07638888888888885,218,429,115,197,864,864,1.0
